cid,sequence rank,sequence,cult ident,cult acc,cult class,uncult ident,uncult acc,uncult class
161224,1,gtcgcacctaccgattgaatggttcggtgaaatctccggattggagcacgcaagcttcacggcgaacgtgctttgagaagttgattaaacctcactatttagaggaaggtgaagtcgtaacaaggtttcc,100,LC009879.1,Dictyochophyceae,100,JQ781966.1,Stramenopiles
171085,2,gtcgcacctaccgattgaatggtccggtgaagcctcgggattgtaagctagctccttcattggaacttgattgcgagaacttgtctaaaccttatcatttagaggaaggtgaagtcgtaacaaggtttcc,94.62,MW750340.1,Bacillariophyceae,100,KJ757845.1,uncultured Eukaryote
83541,3,gtcgctcctaccgattgaatgatccggtgaggcccccggactggggcgacgcattcggttcgccggacgcgacgctccgggaagctgtccaaaccttattatttagaggaaggagaagtcgtaacaaggtttcc,100,MT760788.1,Prymnesiophyceae,100,KP404791.1c,uncultured Eukaryote
146146,4,gtcgcacctaccgattgaatggttcggtgaggtctcaggatcgtggcttagcaccttcattggagctctgccgtgagaatttgcccaaacctcatcatttagaggaaggtgaagtcgtaacaaggttacc,100,AY254857.1,Dictyochophyceae,100,KC583002.1,uncultured Stramenopile
73122,5,gtcgctcctaccgattgggtgtgctggtgaatcgttgggattggcggctattggcggtctccgctgatttccgccgagaacttcggtaaaccctcccacctagaggaaggagaagtcgtaacaaggtttcc,90.15,HG973006.1,Trebouxiophyceae,100,KJ760716.1,uncultured Eukaryote
178099,6,gtcgctcctaccgattgaatgatccggtgagctttttggaccctagcaacggctttggttcgccaaactgatgctgggggaagatacgcaaaccttatcatttagaggaaggagaagtcgtaacaaggtttcc,100,MZ611704.1,Prymnesiophyceae,100,HM581637.1,uncultured marine eukaryote
231524,7,gtcgctcctaccgattgaatgatccggtgaggcccccggactgtggcaacgcagctggttcgccagccgcgatgccgcgggaagctgtccaaaccttatcatttagaggaaggagaagtcgtaacaaggtttcc,100,AB058358.1,Prymnesiophyceae,100,KF62097c1.1,Haptophyta
78011,8,gtcgctcctaccgattgaatggtccggtgaaatcttcggattgctggataggacttggcaacttgacctatctgcgagaagttgcttgaaccttatcatttagaggaaggagaagtcgtaacaaggtttcc,100,JF791030.1,Cryptophyceae,100,KF130577.1,uncultured Eukaryote
211092,9,gtcgctcctaccgattgaatggtccggtgaaatcttcggattgctggataggacttggcaacttgacctatctgcgagaagttgcttgaaccttatcatttagaggaaggagaagtcgtaacaaggtttcc,100,KY368637.1,Mamiellophyceae,100,FR874356.1,uncultured marine picoeukaryote
40687,10,gtcgcacctaccgatcgaaggtaatgatgagccctcaggacagttttgtgtttccttcacgggttaccaagactgaaatttgtgcaaatccttgcctttagaggaaggtgaagtcgtaacaaggttacc,90.08,AB081517.1,Dictyochophyceae,90.15,DQ647511.1,uncultured marine eukaryote
